Название товара,Фирма-производитель,Страна,Вид товара,Поставщик,Кол-во
"Солпадеин, тбл №12",GlaxoSmithKline Dungarvan Ltd (Ирландия),Ирландия,Лекарственные средства,АЛЬФА-РИТМ ООО, 8.000
"Соль д/ванн ""Доктор Сольморей"" с эвкалипт.  пакет 500мг","Амида Косметик ООО	Россия		АЛЬФА-РИТМ ООО	2,000
Соль д/ванн 500г Противопростудная эвкалипт	Негоциант ТД	Россия		АЛЬФА-РИТМ ООО	2,000
Соль д/ванн Elite с пеной , 500г морская	Негоциант ТД	Россия		АЛЬФА-РИТМ ООО	1,000
Соль д/ванн Elite, 500г ромашка	Негоциант ТД	Россия		АЛЬФА-РИТМ ООО	1,000
СОЛЬ Д/ВАНН Д/ВСЕЙ СЕМЬИ ПРОТИВОПРОСТ 500ГР	НЕГОЦИАН ООО	Россия		АЛЬФА-РИТМ ООО	2,000
Соль д/ванн Для всей семьи 500г антистресс ромашка	Негоциант ТД	Россия		АЛЬФА-РИТМ ООО	3,000
Соль д/ванн Мертвое море 500г натуральная	Фитокосметик ООО	Россия		АЛЬФА-РИТМ ООО	6,000
Соль д/ванн морская природная, 1кг	УралМедПром	Россия	Парафармацевтика	АЛЬФА-РИТМ ООО	45,000
Соль д/ванн морская, 1кг	Илецксоль	Россия	Парафармацевтика	АЛЬФА-РИТМ ООО	5,000
Соска сил. станд. (12032) х2	Мир детства	Россия		ГК МРТК"" ООО",2,,,
Соска силик. классич. для всех типов питания 6+,Мир детства,Таиланд,,АЛЬФА-РИТМ ООО, 2.000
Соска силик. стандартная №2 (арт. 12032),Мир детства,Таиланд,,АЛЬФА-РИТМ ООО, 2.000
